rvi_range,best_lookback,best_cagr,best_sharpe,days_in_range
30 ≤ RVI < 35,116,0.3435359521086676,2.2688485945996733,203
RVI ≥ 35,116,0.3437473783311158,2.2855369949610087,228
